,Accuracy,Precision,Recall,F1,MAE,RMSE,R2
Layanan,0.6916666666666667,0.8041348556476398,0.6916666666666667,0.7167097542552525,0.32166666666666666,0.5901977069875258,-0.4484383662808513
Fitur,0.6933333333333334,0.7742840593402391,0.6933333333333334,0.7127597557007334,0.3233333333333333,0.5972157622389639,-0.3462647444214131
Kebermanfaatan,0.8416666666666667,0.911250746759492,0.8416666666666667,0.8712673501152072,0.16333333333333333,0.41633319989322654,-0.03354037266053611
Bisnis,0.715,0.7624623471429814,0.715,0.7256510859405048,0.31,0.6,-0.0650975106580507
Non Aspek,0.5316666666666666,0.7046921541280389,0.5316666666666666,0.5534376186749692,0.5083333333333333,0.7670288999335901,-0.9891806604193103
